rest	poetry	adjective	quarter	slabs	planet	scale	easier	eaten	complex	salmon	common	correct	factor	however	worry	consider	figure	along	trace	begun	consider	horse	closer	question	broken	hospital	plant	hungry	continent	plain	all	dog	train	brief	impossible	addition	probably	folks	until	husband	buffalo	generally	valuable	worker	tree	stick	horse	interest	first	old	twice	jar	got	party	tales	taught	lift	become	lucky	frequently	final	master	desk	atom	balance	period	dish	fact	earth	distant	maybe	pound	longer	graph	operation	thus	labor	unusual	model	numeral	clothing	product	weigh	won	curious	try	determine	question	court	younger	introduced	influence	herd	knife	blow	society	walk	smile	closely
history	dry	purpose	cattle	mirror	garden	principal	shaking	speech	terrible	about	rate	state	map	public	trick	half	plane	treated	blow	lady	apart	swung	prove	complete	frog	expect	inside	still	doll	eat	hay	structure	experience	sort	land	subject	expect	luck	cat	beautiful	church	beginning	natural	identity	course	indeed	none	twelve	good	impossible	any	sand	review	agree	explore	smooth	nodded	piano	wish	hope	means	grown	hurried	constantly	queen	blue	roar	bowl	locate	warm	weigh	foreign	circus	glad	ruler	income	hungry	way	bush	push	bark	height	toy	half	two	loose	chose	pair	daily	prevent	cannot	adventure	choice	military	sand	cattle	onto	hole	meet
fifteen	bear	morning	equal	bag	house	scientist	make	bank	dig	letter	familiar	near	sad	cry	damage	news	edge	fought	pitch	carried	fair	turn	cover	condition	hair	extra	operation	heard	shot	parts	each	task	bad	minerals	design	rest	heavy	noted	pen	pie	army	hurry	ahead	dried	fort	bicycle	brother	held	half	worker	follow	refer	equator	pack	chance	food	sheet	course	basis	idea	everything	two	couple	continued	total	element	forty	night	give	brought	happy	four	sheep	cattle	bag	useful	foot	tiny	attached	seen	related	arrive	save	zero	breathing	way	could	escape	cake	travel	whale	fact	tone	chose	invented	dream	fox	volume	plate
pale	though	price	music	language	paint	tape	range	nature	wait	vast	remember	experiment	yet	universe	outside	expression	number	back	yard	double	grow	rapidly	frame	direct	aid	cloud	collect	desk	mathematics	cannot	factor	shoulder	touch	corn	taste	floor	route	sail	air	son	factor	medicine	universe	your	finally	root	drew	press	fog	discover	coach	two	smaller	army	scientist	already	make	replace	dried	first	eight	act	theory	stay	act	member	spin	began	gold	spend	fed	treated	wall	grandmother	plus	build	stiff	identity	machinery	running	drawn	almost	wagon	seems	spread	scene	aloud	month	hope	church	officer	fourth	single	settle	right	free	lose	suppose	few
air	bent	worth	pound	halfway	newspaper	rear	touch	kind	test	cool	held	desert	glad	merely	sort	wind	satellites	winter	cell	bus	must	southern	take	will	combination	may	question	tell	port	stream	luck	season	shirt	wherever	swung	listen	prepare	next	train	death	ten	wave	stock	needle	music	local	battle	nodded	giant	hit	slow	skill	rocky	sharp	turn	bad	everyone	full	storm	after	instant	serious	north	fifty	till	calm	minerals	anybody	land	north	word	but	few	great	produce	daily	sudden	pile	loose	themselves	nation	color	screen	story	those	maybe	total	fish	fresh	garden	until	center	minerals	image	brief	according	love	speed	level
blank	been	child	purple	curious	member	note	lose	trick	rush	very	view	increase	sand	lungs	golden	gather	rain	frog	transportation	friend	jungle	stretch	joy	nice	however	guess	quarter	trade	reader	birthday	smile	valuable	behavior	wool	view	canal	present	mirror	strange	lovely	satellites	traffic	other	aid	break	graph	replied	lamp	practical	heart	copy	such	people	guess	joy	grandfather	standard	clock	my	generally	army	largest	language	coffee	torn	as	park	struggle	telephone	how	thrown	real	married	business	forest	stand	widely	tried	organized	fastened	twelve	major	feel	quietly	pony	studied	contrast	throughout	perfect	sang	duty	simplest	useful	easier	farther	clock	pet	gather	yes
sink	softly	shout	job	volume	race	act	bag	if	never	truck	gave	final	job	so	there	coffee	term	stand	hay	enough	opportunity	nation	most	beyond	strange	mud	poor	proud	third	sun	species	setting	learn	part	ourselves	frozen	whose	there	invented	beat	finally	whispered	fire	usually	beauty	softly	moving	thread	earth	independent	torn	strong	worried	explain	bare	naturally	soon	when	dot	best	bar	husband	show	star	card	coal	minute	tight	short	plan	highway	shop	will	factory	birthday	remain	stranger	summer	social	forward	bee	scale	most	brick	orange	harder	loose	divide	since	fresh	star	how	around	hearing	tax	energy	cannot	experiment	themselves
walk	bar	improve	kids	made	condition	get	trail	supper	farther	cream	whose	silence	poet	mistake	go	highest	nothing	fourth	leather	seems	bone	system	dinner	oxygen	refused	purpose	doubt	friendly	sheep	port	girl	fix	adult	story	minerals	swim	gone	fight	organization	tube	tune	hall	up	extra	cutting	hundred	halfway	report	taste	won	cannot	floating	original	drive	action	what	sky	widely	character	prove	daily	one	daughter	support	characteristic	too	might	hall	fierce	across	bent	city	now	excited	age	inside	swing	electric	threw	thread	longer	note	body	negative	solution	stretch	chain	largest	get	bound	shade	lungs	act	pale	for	month	port	orbit	last
finally	with	alone	fact	right	copper	children	short	corner	place	golden	burst	mental	invented	child	bark	powerful	affect	guess	party	essential	dark	leather	property	double	maybe	bound	fought	luck	scene	brought	solution	sun	sport	most	we	were	stuck	hall	for	breakfast	diameter	therefore	figure	comfortable	thirty	forgot	next	bus	toward	music	government	sang	division	drew	fast	planning	in	negative	region	care	man	air	knowledge	dream	feel	base	stay	do	finest	whenever	larger	level	done	complete	wood	or	flow	oil	additional	smaller	apart	find	saw	later	apart	leather	breathe	donkey	inch	mistake	of	rather	laugh	speech	please	further	lady	shorter	direct
before	hurried	needle	safe	suit	increase	truck	empty	refer	beginning	palace	animal	track	poet	hat	buried	steep	engineer	tree	page	crowd	jack	crowd	ranch	fill	theory	happily	tip	idea	continued	bend	notice	transportation	particularly	blew	teach	prevent	class	fastened	noon	mouse	pilot	series	short	morning	entire	never	spring	feature	feature	dawn	smooth	friendly	having	fish	recognize	needed	forest	therefore	rabbit	engine	front	element	lips	chicken	course	shaking	art	picture	voyage	ring	sound	accurate	larger	where	meal	map	task	song	sheep	passage	instance	disappear	us	lonely	build	sing	opposite	steady	detail	brass	cannot	hurried	ring	fence	brought	freedom	fact	smallest	indicate
toward	bill	thank	alive	anything	control	gather	near	decide	vapor	creature	put	spin	bare	finish	triangle	refused	tired	along	kill	piece	circus	onto	introduced	cell	tax	escape	summer	field	troops	surprise	parent	settle	cut	paragraph	met	grew	almost	football	fed	check	pet	hide	right	must	some	halfway	fall	than	shoot	opposite	underline	exclaimed	own	love	straw	crack	pie	stood	so	flame	everybody	satisfied	getting	hide	rocky	catch	dozen	motion	better	introduced	spite	afraid	off	chapter	electric	fewer	composition	none	angry	back	men	develop	write	surface	cream	clearly	free	eaten	count	lesson	men	thin	word	stand	city	sport	factor	wooden	memory
mission	compare	mine	stranger	loss	aloud	knife	money	fifty	travel	recognize	gulf	done	string	social	review	trip	think	easily	happily	supper	chain	danger	represent	rocket	modern	tin	tightly	low	sort	burst	browserling	green	massage	straw	plain	history	dangerous	southern	lovely	mark	sick	memory	piece	moving	desk	die	layers	attached	grew	contrast	behind	flower	service	further	door	exist	cutting	particularly	exist	sets	perhaps	measure	globe	zero	picture	eat	unit	path	matter	most	simply	higher	border	shout	origin	small	himself	asleep	cannot	surrounded	pain	judge	her	person	branch	earlier	struggle	fine	review	shelf	willing	herself	driving	sold	society	select	real	syllable	rhythm
lost	limited	add	outline	hurry	girl	tank	wise	valley	wagon	swung	solve	ability	practical	record	therefore	castle	as	good	train	calm	port	manufacturing	later	log	poetry	lucky	chemical	darkness	physical	charge	rocket	beginning	fellow	are	paper	dust	compare	happily	fruit	sign	them	ear	camp	hundred	longer	whale	bottle	chose	small	notice	someone	feel	arrow	weak	courage	country	dream	task	job	town	save	expression	fought	anyway	cookies	taste	bush	folks	drive	fifth	policeman	interest	constantly	whenever	deer	immediately	feel	dish	castle	correct	largest	effort	sad	especially	handle	meant	floor	mile	came	fast	crop	factor	pond	expect	cat	wrong	divide	bread	track
mice	essential	meant	glad	stove	basic	market	bag	modern	silver	ship	shells	very	him	lips	girl	depend	hardly	card	health	lucky	rope	pour	should	buffalo	entire	driver	author	declared	greatest	orange	seldom	crack	farm	barn	secret	asleep	refer	prove	directly	next	life	exercise	soil	hit	thy	task	wait	fireplace	layers	silk	short	remember	vapor	wish	your	glass	sale	route	world	secret	equator	let	mind	shells	foreign	rice	simplest	dog	feel	happy	needs	cast	any	nearest	fifth	feet	pull	vessels	circle	limited	among	him	graph	screen	molecular	pond	you	get	unhappy	teacher	deeply	stream	partly	exist	necessary	brought	door	given	money
machinery	born	exercise	find	beside	magic	torn	nails	making	influence	exact	thread	feet	meet	wolf	mountain	wonderful	rest	cheese	second	highest	further	boy	general	fastened	manufacturing	school	western	advice	depth	tried	same	service	tea	said	frame	mood	handsome	perfectly	record	heavy	outer	indicate	clearly	specific	taught	wheat	drive	so	riding	industrial	waste	ought	arrangement	atmosphere	provide	pupil	dance	or	sets	introduced	empty	process	pan	somewhere	suppose	extra	week	lake	typical	fierce	operation	how	storm	anyone	pitch	behavior	remarkable	thin	entire	rubbed	palace	pictured	massage	join	mice	grow	pencil	journey	include	model	funny	red	put	arrow	stream	shelter	noon	farther	do
above	nose	bend	north	told	beautiful	some	parallel	driven	troops	number	began	hidden	speed	grain	broken	stove	night	danger	bank	away	brave	snake	please	party	team	been	am	bite	four	additional	month	shoulder	forth	aware	company	sister	recall	shore	another	upper	learn	coal	won	mean	asleep	uncle	suggest	heart	weigh	stay	new	explanation	wagon	slip	around	grabbed	barn	nodded	came	these	other	usual	widely	south	eager	respect	moving	sugar	everything	wind	mad	hall	built	animal	burn	pair	imagine	diagram	together	plane	history	cover	lady	total	than	rear	talk	pocket	equator	bad	edge	enjoy	west	power	like	knife	pictured	tip	follow
like	method	here	basic	work	loose	practice	prize	badly	gold	automobile	who	help	decide	trade	over	thank	battle	managed	art	neighbor	dinner	golden	careful	village	locate	taste	paper	pleasant	wave	fourth	means	alone	made	hang	drove	dug	floating	thread	send	shade	ran	official	shirt	anywhere	upper	symbol	hundred	engineer	hospital	potatoes	drawn	passage	bread	new	glass	blow	who	heavy	signal	search	motor	adjective	spring	corn	chance	impossible	want	touch	mental	helpful	direct	agree	provide	hard	activity	fully	drop	mile	knew	heading	large	courage	pretty	sign	bow	spirit	kill	straight	children	ground	information	habit	social	sit	under	look	wet	shade	brought
instance	somehow	himself	nine	every	car	discovery	teeth	helpful	shut	floating	told	trick	it	went	imagine	tight	silent	gain	drive	still	show	daughter	shop	particular	place	promised	summer	if	never	draw	by	age	somebody	cup	flight	till	low	die	fort	house	available	particles	silk	broad	daughter	dress	outer	rope	swing	same	within	people	low	fewer	brick	diagram	satellites	suggest	newspaper	union	long	pie	win	catch	somebody	proper	are	none	silly	further	note	within	since	keep	line	look	stiff	high	manufacturing	occasionally	suit	contrast	organized	alike	vessels	however	raw	trunk	capital	rubber	forty	job	apple	language	warm	else	label	lion	size
fire	indicate	gradually	success	chart	physical	live	especially	map	mission	herself	reason	actual	correctly	gravity	back	chemical	standard	dirty	join	bicycle	brain	graph	thirty	finger	writing	paint	door	ahead	threw	wonder	dinner	queen	actually	enough	write	arrow	element	town	buy	rocket	careful	taught	deep	number	lamp	sense	voyage	higher	buried	limited	quite	art	eleven	look	barn	composition	tonight	change	species	party	throw	leaving	gather	seen	throat	customs	hat	continent	compare	one	mostly	pink	growth	catch	idea	fierce	putting	lot	biggest	line	advice	together	tide	label	tree	land	silk	wood	roar	region	boat	triangle	ball	load	mad	nine	west	twice	soft
dropped	teeth	ruler	nearest	else	them	art	born	low	rain	happen	political	battle	neck	new	calm	support	drawn	offer	group	bent	throw	among	way	charge	large	toward	height	sharp	only	explanation	apart	seat	basket	clear	condition	heart	few	growth	nobody	drew	pencil	differ	paid	faster	taste	serious	but	history	potatoes	whale	shown	show	valley	wheel	among	mood	burn	explore	voice	eager	purpose	correctly	moment	crop	riding	someone	stopped	story	independent	held	eat	made	road	experience	snow	swimming	breathe	else	doll	already	divide	explore	master	pile	master	quick	regular	tribe	product	belong	exclaimed	congress	darkness	memory	depth	like	almost	forgotten	page
worse	well	copy	history	spring	stream	thing	secret	pie	felt	touch	hang	cap	breathing	curve	forest	torn	black	action	plain	lesson	season	safe	difficult	properly	outer	lesson	weight	final	share	two	package	if	load	second	hand	syllable	pick	pupil	clock	living	list	home	fresh	carbon	manufacturing	bend	slave	depth	explain	grade	load	boat	gravity	choice	action	cow	bear	keep	announced	bone	correct	sat	nails	broken	bigger	variety	colony	dangerous	shoulder	at	stage	difficult	knew	tea	goes	lunch	four	including	riding	steel	shadow	lay	growth	rate	balance	whistle	type	damage	church	verb	spoken	six	waste	specific	social	thrown	so	parallel	wrong
jungle	lovely	drink	receive	spring	birthday	plastic	hold	ate	near	layers	dollar	doubt	edge	no	mouth	block	pencil	particles	represent	ability	string	failed	necessary	leave	hole	particularly	exercise	memory	weigh	theory	storm	definition	frighten	express	heavy	she	forget	family	package	cloth	be	buffalo	under	browserling	lungs	able	fully	onto	rays	wet	yet	journey	underline	queen	instead	trap	metal	none	escape	furniture	construction	mysterious	war	orbit	herself	nearest	sudden	airplane	life	son	met	coast	conversation	top	frozen	influence	sing	fill	speak	colony	dark	nation	younger	stuck	fruit	cave	yes	more	laugh	represent	look	tears	crack	plane	fair	imagine	social	curve	worried
direct	frighten	military	chain	hello	increase	taught	telephone	space	deeply	nation	guess	sick	treated	replace	hair	every	total	enter	bad	house	itself	within	sky	act	steep	cup	exactly	average	understanding	slow	rapidly	than	parts	charge	fireplace	feel	silent	people	case	huge	depend	very	sense	potatoes	mighty	population	usually	worker	courage	mine	heard	country	daily	package	cow	hidden	gray	game	wrong	engineer	sat	light	serve	down	while	good	when	your	activity	even	indeed	spider	forth	western	scene	missing	suddenly	action	action	fewer	found	mix	lot	plant	could	about	join	cup	face	skill	appearance	seems	scientist	driving	either	club	wool	shells	any
cat	hidden	off	nor	owner	happily	question	hat	term	onlinetools	recent	fence	eat	bit	quarter	flow	herd	bottom	save	whenever	plant	bat	between	long	bread	pony	having	fear	walk	brother	on	mail	though	headed	foot	little	room	studying	capital	village	silence	instead	stock	somebody	shoot	sail	smoke	length	signal	musical	merely	too	race	shot	speak	load	tune	characteristic	house	act	begun	tropical	including	policeman	parts	truth	art	fat	than	perfect	daily	capital	poem	locate	tiny	gray	wear	signal	excitement	cotton	start	hair	stove	imagine	job	on	gave	baseball	neck	western	central	thick	stream	likely	husband	special	path	word	private	floating
coach	meat	method	scale	therefore	too	you	climate	made	check	pull	food	zero	scientist	those	ran	force	water	mixture	mass	fruit	stone	trail	birth	cat	shown	essential	sit	brother	active	copy	hit	support	rich	consider	cutting	handle	vegetable	handsome	children	clothing	principal	swing	castle	sister	dance	bit	want	trouble	slide	refer	find	at	seldom	production	shop	known	appropriate	torn	apart	anything	completely	melted	scientific	nobody	failed	excited	appearance	black	happily	mood	agree	smallest	around	world	ready	mean	trap	thirty	class	root	tight	stock	feel	southern	magnet	bush	cent	various	rocket	massage	conversation	when	simplest	many	draw	goes	is	leave	fuel
beneath	scale	floor	already	spell	bread	each	property	creature	there	birthday	animal	simplest	recent	tired	correctly	buy	fight	exciting	expect	keep	worse	serious	me	school	final	center	structure	weight	pale	lift	couple	sharp	metal	paragraph	practical	known	setting	standard	time	merely	brush	parallel	quietly	independent	mental	chose	tonight	race	driving	pound	elephant	middle	tales	largest	recently	canal	article	baseball	many	spoken	build	felt	composed	children	meet	sad	helpful	national	hospital	having	direction	past	waste	lady	distant	graph	frame	talk	outer	potatoes	surrounded	move	market	select	affect	report	tree	breakfast	but	well	daily	night	spring	broad	human	poet	dollar	tongue	instant
affect	out	sit	halfway	original	cup	farther	practice	scene	needed	harbor	loud	give	orbit	six	gray	dried	college	bound	appearance	century	lead	water	shoot	sun	even	claws	perfectly	desk	slabs	its	cream	tears	end	into	raise	uncle	motion	cake	arm	spirit	bat	wait	ourselves	education	command	high	instead	sit	journey	reach	leg	energy	decide	mile	page	material	structure	room	private	return	rice	when	wife	his	tiny	into	came	manufacturing	kept	you	cheese	dark	even	guess	stairs	married	cell	we	newspaper	younger	most	everything	lucky	manner	other	bottle	mile	sale	own	slipped	older	birthday	respect	tightly	thousand	determine	six	prove	particles
prove	furniture	fifteen	control	corn	route	gray	record	tape	roar	tea	sentence	village	drop	joy	loud	lips	page	lucky	danger	below	though	enter	journey	begun	control	thread	cool	education	selection	swimming	tin	solar	silence	population	sea	thing	seven	that	his	camera	would	finally	teeth	forth	barn	conversation	piece	class	deeply	melted	liquid	needle	indicate	enough	lady	ability	sell	ever	lion	cell	along	joined	putting	spend	wheel	try	evidence	split	worse	purpose	weather	melted	brave	mother	energy	size	fought	though	machine	ran	frozen	only	had	rocky	idea	hidden	silence	area	seed	most	area	am	stood	origin	region	shoe	practical	adventure	how
product	add	mile	dollar	joy	rope	valuable	business	safe	certain	extra	south	over	force	judge	suppose	town	that	shown	birthday	ancient	winter	busy	older	total	everything	stay	fairly	once	dead	ring	as	ago	yard	tip	valuable	shoot	research	indicate	flame	ability	fox	write	characteristic	familiar	expression	him	pond	tight	ago	market	hat	become	pound	mirror	share	feet	square	gather	score	ring	observe	two	railroad	uncle	fallen	stairs	running	clear	driver	constantly	business	right	field	last	mouse	improve	work	experiment	east	angry	massage	these	train	depth	joy	reach	ice	able	greatest	author	bus	card	equal	block	copy	end	burst	could	its
report	poor	fresh	dark	chain	solid	black	wall	shall	nearest	complete	spoken	frequently	fill	typical	seen	fish	daily	day	stepped	reader	dried	foot	period	fire	vertical	list	spring	baby	pilot	tired	expression	bus	complete	remove	mix	dinner	say	saved	composition	connected	large	one	surface	electric	balloon	today	certainly	balloon	world	left	whom	got	bean	party	characteristic	running	rush	she	everybody	thing	danger	east	offer	choice	zero	me	parent	ranch	mountain	over	could	quick	safe	actually	including	cream	gently	general	society	met	just	lady	written	dust	writer	solution	certain	missing	open	scientific	drop	somebody	our	happy	type	bat	only	history	by
against	game	ocean	men	do	stopped	dog	street	tall	anyone	garden	your	equal	year	tin	shirt	sugar	safety	diameter	feel	put	scientific	finest	slightly	grew	case	manufacturing	ability	else	into	related	swing	dance	divide	his	time	when	within	clothing	when	girl	duty	instead	than	event	successful	week	scene	musical	attention	yourself	perhaps	wear	notice	score	guide	near	stop	brought	equal	themselves	settle	exciting	nearer	opportunity	dangerous	closely	avoid	cool	seeing	teeth	tribe	compass	specific	flame	straight	fighting	record	level	further	almost	glad	basis	still	affect	repeat	lose	consider	bare	pony	tonight	depth	distance	progress	say	bottle	could	cream	life	birthday
studied	familiar	gain	push	learn	perfect	report	select	shout	eye	butter	short	began	property	heavy	heavy	see	yesterday	joy	layers	tight	fog	paragraph	rocky	chance	order	baseball	rubber	musical	sides	bite	ocean	met	during	give	turn	even	greatly	him	dangerous	rule	unknown	treated	medicine	onlinetools	larger	band	broken	deal	blew	standard	bottom	them	visitor	harbor	last	usual	individual	continent	final	see	shout	shine	onlinetools	when	garage	world	badly	printed	further	important	arrive	goes	pie	truth	nearly	steel	account	passage	victory	form	breakfast	open	courage	drawn	little	putting	nuts	merely	trunk	gave	call	closely	border	small	balance	earth	seldom	voice	perfect
more	daughter	numeral	dead	possibly	pack	molecular	seldom	musical	machine	bound	crowd	shirt	am	band	due	whole	trick	upon	raw	living	circus	education	sudden	huge	pleasure	including	subject	lucky	teach	eleven	mood	try	grown	strength	girl	southern	fifteen	gas	round	nice	year	structure	outside	coffee	physical	alike	gone	per	graph	hard	water	atomic	thought	equipment	headed	having	recognize	sell	somehow	fat	thin	simplest	alone	finally	far	women	population	especially	new	putting	expression	like	slabs	stage	evidence	pot	lonely	month	step	ancient	was	five	sang	broken	officer	contrast	mostly	giant	blind	business	thick	ride	softly	plates	hour	pole	lonely	refer	darkness
chart	applied	signal	energy	community	purple	structure	doing	ago	specific	contain	car	radio	property	broke	let	tightly	jet	nodded	western	everywhere	stretch	unknown	sure	supply	fat	space	herd	dance	seed	throat	sudden	west	father	dirty	half	plan	sunlight	characteristic	share	step	pitch	light	top	easily	dull	trade	ship	coach	fear	three	bottle	burst	feel	rubber	fine	cave	generally	teeth	extra	beginning	regular	disappear	handsome	cage	drop	whose	water	complex	outside	trick	understanding	examine	show	oil	base	fix	using	me	place	by	view	highest	farther	raw	population	involved	atom	writer	wore	enter	gift	mirror	wind	left	kill	group	trunk	wheel	path
buried	pure	organization	twenty	back	sugar	cattle	dropped	changing	blew	slope	themselves	definition	drove	main	gray	spell	however	hunt	younger	explain	must	column	adult	village	powder	accident	nor	stared	such	average	pattern	saddle	sets	discuss	search	slept	swam	could	free	short	simplest	nice	any	on	title	further	printed	charge	plant	wooden	task	reader	birth	darkness	drop	social	bad	birds	becoming	suppose	chemical	fed	beside	whistle	torn	dropped	farmer	method	particles	minerals	car	vapor	task	reader	title	truth	fire	tube	list	sum	however	likely	sail	care	done	during	gather	drink	floating	listen	sink	public	truck	arm	balloon	blood	habit	hunter	tube
worse	or	raise	teach	view	care	press	die	hair	close	another	away	stuck	edge	curve	arrow	policeman	spread	bee	degree	planned	six	greatest	warn	iron	straw	forgotten	mass	farmer	apart	no	negative	tales	press	passage	love	ever	depend	impossible	noun	addition	fighting	path	salmon	winter	love	something	mainly	fine	scared	island	explain	fact	special	disappear	machine	shine	salt	river	thou	bread	forgot	flag	both	top	zero	anything	breathing	about	magic	hide	basic	fought	free	barn	fox	after	mountain	among	biggest	provide	various	mighty	studying	powder	please	paper	angry	condition	other	service	light	bat	everything	ordinary	perhaps	brave	compass	jar	must
cage	threw	tight	either	straight	carbon	owner	many	flat	work	chain	finest	smile	thin	herd	sometime	basic	standard	eat	good	regular	pain	vast	folks	hurry	surprise	slow	pole	birthday	after	building	till	essential	bowl	understanding	pile	began	rule	explain	tonight	vowel	helpful	bring	pipe	experiment	are	series	complex	back	wise	tin	anyway	word	proper	rough	from	ship	knew	available	monkey	review	gather	stick	mile	fifteen	whether	bet	shall	steel	settlers	handsome	garden	it	scale	grandfather	coal	joy	stage	last	available	according	lips	examine	hundred	motion	comfortable	blind	immediately	seldom	ranch	selection	simply	section	attached	wall	recently	development	comfortable	planned	pain
other	halfway	aboard	engineer	taught	show	making	final	stay	ground	rocky	expression	leader	living	claws	tonight	youth	afraid	away	even	frequently	mixture	dangerous	active	after	trace	purpose	science	real	felt	fifty	am	coming	edge	poet	roll	season	tape	buy	of	standard	baby	notice	enough	blue	gone	announced	sea	wire	syllable	were	above	test	smooth	point	rubbed	reach	until	pictured	wooden	arrive	receive	torn	direct	dish	planet	surrounded	heat	fell	unit	nice	lamp	trunk	better	opposite	pass	am	plate	third	eaten	tip	silver	watch	pleasant	check	darkness	fast	folks	bush	divide	tube	add	common	pleasure	division	spend	master	refer	caught	ride
factory	neighbor	thou	two	master	building	palace	bush	whom	his	decide	frozen	describe	pull	had	shown	farm	lack	powerful	verb	suppose	familiar	court	how	giving	engine	breathing	wore	top	chair	frighten	equal	paragraph	same	told	political	someone	element	bound	bean	piece	attempt	powder	brass	aware	grown	wait	organization	light	reach	bowl	scientific	other	foreign	our	biggest	gun	when	can	swam	protection	represent	nodded	forty	soap	choice	zoo	television	somewhere	snake	supper	flies	river	over	dead	dangerous	near	down	thing	goose	join	of	dried	light	round	importance	which	happen	goose	stuck	parent	agree	rush	military	loose	for	hope	behind	beneath	basket
flow	skin	instrument	cave	husband	oxygen	animal	label	expression	has	separate	keep	plastic	floor	harbor	time	steam	fell	brick	hide	trunk	therefore	steady	swimming	using	within	unit	ago	further	long	over	ancient	power	jungle	easy	perfectly	introduced	steady	depth	over	welcome	perfectly	lunch	double	sign	include	had	trouble	managed	wherever	belt	original	doing	nails	noise	molecular	day	behavior	garden	throughout	customs	wall	hidden	saw	truck	rose	truck	bigger	during	hat	only	build	arrow	team	label	saddle	come	wave	gold	kind	supper	sheep	club	there	mountain	rod	pupil	series	property	sat	worker	general	near	meat	chart	plates	themselves	characteristic	advice	central
machine	while	mathematics	exchange	twelve	combine	various	very	supper	felt	game	lower	influence	smaller	pair	newspaper	quietly	factor	claws	cream	nodded	triangle	once	whom	test	sets	speed	hurried	corner	cover	daily	blew	trace	monkey	left	steam	average	name	sound	till	you	friend	box	direction	before	needs	luck	this	information	original	map	you	unhappy	sometime	dangerous	whose	consider	stand	log	machine	where	locate	fact	small	rising	its	inside	recent	duty	sight	mighty	likely	long	fill	entirely	planned	search	gone	record	pound	warm	scientific	tight	something	born	stock	music	further	present	alphabet	service	ought	substance	way	safety	pot	melted	answer	cost	tired
headed	rocket	hollow	pony	select	talk	spoken	spring	fourth	grain	several	raw	studying	airplane	given	try	company	was	ocean	brave	than	birth	our	truck	planet	proud	establish	carbon	range	ahead	scene	most	on	guide	check	indicate	bridge	park	properly	river	explanation	two	value	poor	tent	foreign	dog	fish	into	cat	call	afraid	part	adventure	soldier	lift	series	exchange	support	coat	change	distant	road	pair	take	leg	spell	ourselves	moment	can	slope	shoe	deer	coffee	name	short	signal	honor	wherever	clothes	string	limited	having	smallest	railroad	few	swam	good	ruler	trouble	discuss	weak	summer	something	globe	band	serve	has	imagine	doubt
come	birth	tongue	equal	win	standard	becoming	satellites	desk	divide	goose	three	girl	secret	rush	state	course	nodded	screen	leave	getting	impossible	depth	broad	won	blanket	dirt	triangle	feathers	search	blow	foot	within	active	paid	car	connected	practice	rough	swing	fifth	belt	earlier	laid	basis	force	fallen	save	relationship	cell	central	pine	arrangement	central	too	tide	thing	regular	city	warm	brown	political	nest	wagon	row	route	dry	swing	needle	naturally	nest	outline	hope	feel	health	notice	whatever	ranch	settlers	supply	planning	glass	wonderful	map	state	managed	blew	should	pan	taste	shoulder	scene	musical	fort	arm	screen	make	behavior	coal	aware
younger	stranger	feed	shelter	taken	nature	farm	does	ball	passage	cave	organized	hello	positive	evening	paragraph	use	lips	sat	kids	vowel	himself	read	east	bat	bill	tobacco	wore	steam	easily	follow	needed	summer	wonderful	minute	increase	pink	glass	therefore	ground	powerful	birthday	point	away	saddle	explain	package	chain	independent	combination	bank	sea	system	own	become	parallel	minute	store	income	simple	carry	youth	mission	number	cheese	life	importance	born	eye	principle	planned	during	mark	pond	among	establish	bee	thin	crack	care	branch	buried	party	cloth	coming	afraid	tired	cookies	creature	neighbor	hide	far	taught	land	watch	available	angry	cloth	having	occur
spite	official	fact	visitor	step	hide	struck	interest	child	wagon	has	smooth	ride	all	key	nose	how	tube	visit	those	tears	view	wealth	butter	music	other	citizen	dog	breathing	am	seldom	chapter	anywhere	able	look	husband	bell	wealth	fly	ability	rough	angle	frighten	pattern	telephone	saw	shelf	for	lie	substance	took	major	great	then	smile	nearly	cowboy	including	rapidly	since	visitor	felt	pet	swimming	ran	composition	whistle	fly	pen	form	comfortable	suggest	symbol	concerned	clothing	grain	flame	section	slightly	goose	solid	accurate	brother	idea	mathematics	have	getting	farther	stream	leader	fifteen	bush	shells	bill	piece	courage	tea	rays	serve	maybe
village	hurry	course	western	frog	twenty	leave	cage	jar	tower	ran	any	spring	tired	mixture	tail	rubber	program	flame	experience	cast	stretch	sheet	diagram	mean	nails	triangle	when	each	atmosphere	softly	whole	she	form	apple	business	sport	her	slip	doubt	speak	door	held	threw	horse	parent	can	fed	present	mail	cloud	particular	wool	grass	somebody	half	rain	come	shorter	frog	throw	rest	water	call	gravity	swung	dull	sight	they	importance	near	furniture	knowledge	spoken	round	successful	clothing	chemical	swim	disease	die	income	explanation	change	wrote	satellites	atom	safety	chamber	prove	whenever	damage	heart	religious	see	deep	thin	think	area	lovely
upward	thought	further	wild	modern	meat	action	water	lesson	tower	situation	better	listen	correct	month	weight	activity	flower	blow	safety	melted	thrown	diagram	water	hang	student	twelve	happened	drop	exist	main	meal	practice	hundred	general	almost	nothing	blood	spread	team	wear	nervous	by	step	pictured	kitchen	rising	end	cheese	hardly	sharp	however	interior	determine	fuel	season	rose	bush	income	battle	exercise	degree	factory	religious	till	free	search	noted	palace	lungs	obtain	herd	unhappy	sheep	dust	dawn	moon	leaf	giving	is	run	voice	additional	test	seen	happily	swim	year	chain	student	rough	cry	continued	managed	spend	baby	chair	subject	coal	cheese
horn	plain	forget	whatever	happy	slight	month	plan	army	policeman	education	individual	sit	up	numeral	within	improve	actually	wet	seldom	smaller	electricity	giant	could	merely	rush	so	before	supper	ancient	cheese	happily	leather	exchange	piece	slip	foreign	else	start	discover	highest	nose	out	care	hung	breathe	structure	easily	foreign	common	white	different	region	bite	captured	maybe	lot	cattle	ear	mirror	box	contrast	outside	top	change	tightly	fighting	alike	shaking	gently	develop	science	pleasure	see	recently	vast	goose	success	known	helpful	party	test	equal	if	birth	blue	deeply	front	headed	furniture	situation	function	blind	compass	baseball	end	war	sitting	doubt	thee
gun	his	garden	scientist	rubber	rise	changing	terrible	whistle	subject	community	together	cotton	note	all	upward	from	nearly	table	mouth	river	diagram	cause	action	west	these	hot	creature	trace	would	continent	pale	temperature	vegetable	uncle	married	square	clay	research	up	ever	occur	instant	twelve	larger	fuel	ahead	cover	chair	nuts	eventually	perhaps	activity	only	date	opinion	circle	stage	bicycle	underline	compound	start	father	describe	smooth	usual	truck	pan	slight	corner	furniture	sand	column	engineer	grandfather	state	wooden	quiet	refused	hurried	anything	grade	smooth	tribe	former	wild	breathing	stretch	clear	him	like	dried	division	rope	leave	usual	but	simplest	thou	primitive
already	comfortable	hello	torn	wheat	individual	branch	supper	surprise	husband	boy	cutting	sold	does	slipped	collect	castle	differ	bread	become	pack	dried	salmon	jungle	package	shop	map	empty	impossible	brief	pack	high	union	forty	stems	growth	circle	did	hay	general	nor	hide	pull	hope	movie	church	product	plural	valley	gentle	produce	rapidly	vessels	slipped	took	location	could	ice	special	minute	snow	close	excitement	room	fox	fox	drawn	cloud	current	nest	while	experiment	foot	cross	shade	deer	shore	storm	occur	oil	state	screen	poetry	memory	run	today	escape	shown	deeply	business	leaving	factory	directly	tomorrow	soil	again	phrase	everybody	cast	us
acres	wealth	solar	lovely	store	opposite	answer	pleasure	melted	cook	sun	solution	alphabet	happily	higher	count	neck	car	girl	mouse	ice	food	tall	raw	charge	nearer	save	believed	rich	easier	dawn	shut	interior	getting	gas	powder	why	call	travel	ocean	afternoon	realize	pan	hunt	soft	equator	exciting	aloud	realize	lying	somewhere	noon	our	mostly	location	end	main	recently	old	industrial	particular	seed	north	near	calm	burst	escape	spread	post	advice	tight	hard	stay	ice	molecular	quickly	period	solid	friend	ring	lunch	sure	thing	tower	means	cook	basis	known	record	save	begun	type	fun	halfway	real	fly	wide	table	across	step
political	gradually	collect	remove	sail	judge	ordinary	travel	ship	indeed	snake	cause	invented	beginning	contrast	soon	addition	joy	fierce	hurried	earth	distant	still	so	slow	tell	week	essential	contain	nearly	shade	tie	pile	balloon	building	rice	quite	wrong	arm	plane	disease	dear	memory	station	excellent	man	cool	military	good	hour	stove	deer	gasoline	station	close	run	printed	tape	loud	black	nation	sign	library	fine	stopped	car	fall	growth	soon	tip	am	wife	former	paper	this	silly	sharp	stand	lunch	fully	highest	fast	hospital	term	seems	additional	explanation	top	reach	origin	across	second	grandmother	made	grade	dust	dawn	salmon	major	yourself
title	musical	trail	anybody	occur	shade	softly	progress	rush	negative	seed	pair	beat	this	rest	involved	congress	experience	band	shaking	war	suit	method	within	distance	doing	try	bus	free	think	folks	gas	kids	specific	wagon	supper	wise	tell	chest	provide	willing	captain	hide	touch	pound	kill	shoot	women	clothing	peace	degree	who	dirt	neck	whale	herd	belt	willing	fort	division	music	wooden	solution	best	explanation	lift	nation	wore	seed	halfway	advice	jungle	flew	highest	mix	would	horse	grandmother	still	smaller	develop	throat	age	college	master	step	angry	beneath	instead	old	lying	available	flew	floating	school	threw	heavy	observe	low	effort
beat	harbor	separate	straw	story	command	type	hair	sent	sea	location	whom	came	orbit	family	include	western	chest	instant	while	brave	package	brave	body	glass	according	goes	wonder	someone	invented	will	pain	happened	bottle	keep	wall	forget	spread	quite	shoot	declared	grown	equally	protection	higher	rough	same	direction	pig	arrive	guard	up	force	bare	range	moon	belt	unit	corn	iron	outside	purple	building	gray	alive	accident	swam	planning	fighting	inside	third	built	biggest	primitive	for	taught	frame	sent	volume	property	aboard	riding	sat	house	basic	deer	indeed	instance	forgot	lift	purpose	hollow	written	pocket	motion	win	doubt	cell	contain	shake
no	play	develop	science	still	art	complete	previous	flies	pressure	probably	film	hard	trade	given	till	daughter	review	alone	learn	beautiful	fireplace	purpose	lie	needle	gold	least	jungle	those	one	across	spider	below	account	saw	mixture	power	aid	thus	between	gradually	determine	bag	place	blew	grown	lucky	cream	if	frog	complex	anywhere	something	difference	military	game	burst	mighty	using	cause	directly	sport	black	fastened	agree	liquid	inside	worried	heavy	salmon	giving	wrote	balance	natural	brown	official	surrounded	chief	impossible	beat	unknown	shoot	them	led	make	game	four	difficulty	atmosphere	rubber	broken	sell	lie	thee	feature	short	easily	soil	package	declared
likely	down	about	upward	ring	lack	conversation	school	willing	task	curious	protection	loud	symbol	wing	slight	safety	report	dark	reason	lion	chief	standard	closer	heat	sent	drew	depth	send	rope	ago	slip	actually	canal	gray	sugar	musical	quick	put	planning	manner	similar	around	camera	knowledge	want	ourselves	terrible	letter	realize	darkness	hunter	method	threw	extra	from	careful	arrow	observe	scientist	language	slipped	military	cut	steady	soap	post	owner	snow	former	brush	opportunity	train	die	customs	blood	bean	next	live	purpose	before	imagine	would	available	child	well	advice	spend	planning	along	longer	zoo	guess	compound	few	burn	cutting	rice	shine	contrast
thought	spring	joy	although	applied	being	grandmother	capital	energy	instance	cookies	satellites	daily	president	ancient	gulf	play	cent	angry	window	dried	respect	policeman	boat	exclaimed	position	deal	ring	quite	electric	industry	wall	difficulty	hot	concerned	taught	farmer	wooden	rise	cannot	hidden	kitchen	strange	copper	differ	were	firm	deep	brown	according	triangle	toward	region	fence	largest	active	construction	share	harbor	experiment	shirt	train	music	relationship	building	getting	use	till	remarkable	union	finger	horn	partly	farther	claws	girl	find	shout	catch	shorter	struggle	bag	consider	noun	carry	warn	wonderful	combination	rhyme	pole	army	tent	attached	brief	east	seeing	worth	local	must	frame
factory	tool	numeral	flow	three	figure	chose	along	practice	locate	excited	higher	triangle	prevent	window	evidence	bridge	drawn	love	paper	ship	fierce	able	day	audience	pack	rhyme	hole	blank	mail	famous	fully	simply	cut	life	identity	simplest	strong	worry	most	usually	story	verb	threw	lying	get	spoken	done	original	wool	failed	across	boy	prevent	biggest	bread	am	flower	graph	leaving	live	press	mix	sent	cheese	situation	weather	wise	raw	southern	football	satellites	teacher	exercise	declared	sang	period	upon	bear	affect	land	addition	major	process	screen	immediately	visitor	pour	hurt	do	problem	label	sleep	once	sure	driver	climb	somehow	oil	human
origin	remember	heat	increase	percent	smooth	fierce	bridge	program	green	gradually	pair	cut	empty	inside	exercise	carefully	wife	became	ball	example	wave	social	my	fox	given	century	apart	to	location	complex	mixture	airplane	wet	pay	angle	hide	eventually	wise	however	subject	orbit	wing	skin	wide	average	lovely	point	dangerous	finish	popular	tight	public	task	funny	skill	powder	write	figure	same	plural	temperature	yellow	trap	tape	quick	paid	slabs	usually	nails	size	kitchen	satellites	stopped	broad	hunter	apartment	iron	section	main	bone	carbon	noun	salt	was	seat	running	plant	piece	tank	stiff	attached	saw	practice	jet	hunt	man	lamp	orange	bicycle
involved	zero	ear	outline	husband	begun	weight	twice	horn	dress	about	brass	full	mile	sick	branch	cabin	another	spoken	branch	movement	stop	language	tears	transportation	sets	couple	greatest	cap	scientist	connected	danger	sat	about	making	stuck	cup	mouth	fat	plural	chose	directly	pleasant	light	age	chamber	noted	split	thus	course	property	major	cold	party	share	largest	equator	popular	wrong	danger	ago	dress	ocean	loud	method	whatever	nation	because	lamp	push	avoid	chief	major	cannot	cent	develop	box	thrown	that	continued	swept	play	introduced	equator	slipped	his	represent	highway	saw	soon	fifty	later	sitting	shinning	bow	properly	personal	vessels	catch	like
mysterious	paper	experience	mistake	trip	printed	could	disappear	nuts	rose	done	smell	wind	pure	writer	slight	consist	dropped	throw	smaller	sail	sing	live	either	everywhere	load	turn	climb	chain	then	tax	pay	journey	myself	volume	never	pipe	score	anything	broad	saddle	wonderful	cross	explain	model	porch	vowel	troops	occur	local	opinion	noun	frog	cover	national	recognize	cutting	log	function	prevent	sun	diagram	habit	trail	lovely	slabs	complete	eaten	hide	damage	no	mighty	farther	open	parent	vast	essential	therefore	location	mail	rhythm	range	toy	easy	own	citizen	only	anyone	classroom	again	column	pupil	depend	avoid	trunk	reason	win	because	shout	live
zero	load	chain	busy	sheep	raise	gradually	branch	suppose	managed	fast	lion	say	natural	feed	shoot	fifth	flame	great	brick	anyway	secret	hang	chest	strike	medicine	ride	dance	difference	good	produce	although	court	owner	led	grew	post	drove	reader	valley	ahead	tin	send	standard	porch	army	society	pick	surprise	liquid	structure	blank	sharp	wrong	news	inside	deal	surface	alphabet	accept	realize	hunter	check	belong	news	coming	upper	castle	twenty	excited	for	appearance	pressure	plant	cowboy	age	threw	on	jump	major	way	first	hole	afraid	teach	ought	birds	pure	early	steady	particles	satisfied	section	however	steam	lead	many	four	bat	dozen
complex	pole	struggle	have	explain	atom	smile	area	news	birth	or	weigh	summer	ought	cage	actually	religious	dozen	end	involved	be	diameter	want	moon	two	community	source	primitive	education	speed	apple	evening	journey	gulf	stick	sentence	free	speech	barn	drove	farmer	soft	thing	damage	cake	frog	mean	talk	underline	anybody	fruit	right	pack	officer	sound	proud	advice	drove	moving	perfectly	forgotten	wool	jack	call	road	signal	younger	wife	pan	bare	wing	structure	fifty	noise	further	gave	chapter	stage	enemy	nose	effect	burn	cat	world	rays	slide	aboard	about	slight	blank	rock	my	tell	balloon	still	lower	hurry	does	creature	herself
private	brown	furniture	plane	planning	forgot	mark	money	border	ten	field	visitor	merely	honor	sand	grow	for	catch	wire	anywhere	mix	expect	progress	whale	chemical	iron	method	funny	event	wave	stuck	list	must	earth	lion	lunch	steady	quick	high	handle	will	hay	cast	right	terrible	silver	slip	process	worth	or	lion	contrast	written	promised	sea	trade	sometime	guess	simply	amount	correct	train	pilot	while	bridge	pictured	warm	flag	more	pitch	which	one	thumb	kept	roar	daily	separate	wind	follow	solid	brief	deeply	pen	or	bad	state	ten	snake	chair	cave	area	noted	harbor	butter	finger	joined	good	oldest	success	dropped
mark	soft	you	tank	cattle	medicine	smile	studied	young	basis	brought	column	page	price	pony	lamp	average	comfortable	sharp	kill	depend	happily	smoke	bank	explore	easily	single	trip	note	southern	fish	stock	bean	cold	being	girl	actually	courage	summer	stomach	develop	send	gift	silent	baby	sale	drop	row	ourselves	beautiful	fix	hat	earth	fall	ask	exact	outside	nine	near	proper	mouth	constantly	equator	led	memory	window	hunt	past	warm	sell	blue	writer	total	test	perhaps	angle	spread	pick	passage	behind	if	onto	among	make	completely	wear	melted	school	cut	give	just	gather	past	whenever	tree	store	tool	block	slept	free
policeman	shut	check	short	sudden	traffic	snow	drawn	result	flies	rice	double	whale	something	word	tool	mean	breakfast	lower	lot	notice	brass	page	mill	continued	full	evidence	soon	stage	produce	barn	window	whale	depth	flower	rising	highway	per	previous	lips	cup	broad	air	height	exciting	rest	harbor	this	rush	myself	tube	race	center	shine	break	give	led	support	sky	setting	once	number	inch	temperature	effect	believed	influence	are	alone	manufacturing	sure	pale	leather	mean	support	captain	safe	author	plain	heavy	vote	forty	truck	hope	mail	read	captured	anywhere	nearly	hurry	follow	color	death	hardly	period	exchange	red	valley	brought	waste
fine	noun	refer	through	steep	lesson	primitive	back	appearance	between	grown	ready	built	solution	appropriate	written	without	structure	serious	doll	swam	metal	bend	divide	bowl	almost	train	win	thus	couple	hundred	spell	silly	lower	worth	sat	fellow	pick	stared	property	mouse	door	observe	mad	became	desert	rhythm	hard	ride	southern	him	somehow	studying	up	driven	land	complex	property	lesson	factory	farm	guess	condition	loss	whose	question	tune	swung	already	bare	variety	floating	station	tonight	bent	tongue	balance	possible	respect	copy	meant	behavior	trip	please	everything	port	next	if	task	behavior	copy	either	worse	valuable	classroom	quarter	bent	save	crowd	decide
team	cloth	grew	shade	diagram	job	busy	frame	saddle	object	union	folks	ride	show	thick	string	far	silent	policeman	studied	cry	gain	shut	honor	bring	born	poet	huge	birthday	city	choice	women	supper	variety	available	expect	front	spread	smaller	front	section	create	operation	studying	satisfied	stiff	seed	present	band	ordinary	outline	call	east	magic	minute	that	star	simplest	extra	yet	cause	highway	trunk	depth	unit	mood	wish	rich	unusual	music	piano	afternoon	lost	daily	fast	stick	city	several	agree	principal	up	motion	section	shore	even	animal	garden	hope	discover	inside	gold	matter	fed	including	bread	therefore	give	if	introduced	fought
just	religious	favorite	man	broke	wife	planning	win	becoming	know	product	beauty	thrown	home	happily	matter	story	saddle	shout	base	mail	she	ten	actual	powder	upper	could	drawn	review	highway	flag	early	butter	getting	magic	silver	government	wait	angle	however	easily	frog	touch	mouse	deeply	paint	garage	invented	smell	direction	bad	wool	root	judge	outline	fear	frog	fifteen	continued	now	meat	brick	vegetable	brief	face	goes	hall	asleep	rubber	diameter	youth	suit	memory	dead	parallel	pot	smooth	every	rays	monkey	still	nest	air	even	forgot	sand	balance	ahead	older	neighborhood	pink	heat	wall	itself	shine	earn	original	path	information	copy
final	thus	people	stand	stranger	look	chicken	happened	heard	thin	wish	atom	clay	beginning	dog	told	wash	structure	copper	lonely	sick	label	refer	tin	mainly	bet	gather	should	market	electricity	bowl	interior	feel	pipe	themselves	what	even	escape	running	smile	smell	adventure	identity	range	crack	nose	pretty	fifty	history	bright	blood	sentence	find	crew	room	that	practice	own	bring	bush	east	bottom	level	onto	post	nice	built	danger	worth	chicken	balloon	brave	draw	became	doubt	eleven	perhaps	every	now	couple	table	trouble	everyone	bit	then	uncle	level	jet	customs	problem	north	rabbit	chain	atmosphere	surprise	compass	hardly	hay	class	strike
finger	bar	musical	belong	dull	chicken	merely	before	were	breeze	frame	donkey	practice	suggest	slow	factor	battle	shade	feel	fox	tired	stood	return	television	till	chain	whom	attempt	southern	unhappy	cow	dead	equal	win	imagine	ready	draw	quickly	part	pet	merely	younger	cast	handle	television	year	labor	eye	along	mark	serve	read	alike	join	scene	muscle	exactly	strong	but	warm	thus	vessels	left	choice	someone	toy	vast	cast	shorter	rock	information	dirty	likely	acres	drew	joined	powder	press	milk	wall	grade	now	include	itself	wheel	six	sand	tears	group	plate	clothing	action	paid	he	hidden	attached	family	center	basket	keep
electricity	four	that	universe	stove	popular	search	chair	slow	melted	atmosphere	find	where	invented	property	build	porch	future	made	occur	only	cap	neck	captain	picture	taste	failed	chose	bone	soon	box	positive	slope	heat	best	hidden	melted	travel	essential	potatoes	arm	cutting	cast	natural	engineer	worth	cry	location	rear	asleep	bank	noun	cage	exercise	cause	wore	produce	purpose	enough	however	part	hospital	experience	rocket	shake	stronger	glass	border	right	dug	has	about	funny	cow	if	wash	round	hole	bag	layers	raw	slow	fur	softly	tube	husband	improve	listen	worry	modern	probably	familiar	metal	thin	jungle	stove	tree	tried	disappear	guess
good	buried	knowledge	back	anywhere	tightly	machine	nice	headed	angry	wife	wear	wet	dinner	cage	part	plan	according	attack	seven	rose	source	throw	bare	quite	brave	wish	spider	discuss	exactly	continued	decide	guess	leaf	queen	farther	hospital	quickly	pictured	running	tin	mind	attempt	turn	freedom	clothes	exact	try	successful	shine	progress	officer	lot	lose	through	to	condition	bone	putting	eaten	vast	late	blood	union	later	ants	wealth	highest	whenever	become	without	powder	now	silver	anyway	own	jungle	tax	customs	reach	swim	largest	rest	good	cent	kitchen	also	flower	result	key	against	heart	taught	wooden	complete	heading	movie	tiny	activity	flame
dirty	airplane	consider	herd	fell	experience	behind	break	should	original	angry	rubbed	account	came	nearly	track	earth	store	somehow	laugh	refused	bottom	broad	pay	result	organized	person	said	never	paper	run	fastened	determine	excitement	exercise	sound	cost	audience	remarkable	wire	fewer	crop	fence	sale	dinner	memory	various	attached	queen	telephone	cream	blanket	visit	thing	opportunity	store	hole	solar	voyage	carry	so	correct	grabbed	length	wrong	same	wooden	want	noted	far	uncle	drew	substance	foot	single	guard	health	month	early	dear	market	forgot	partly	softly	struggle	chose	triangle	wherever	damage	forth	master	positive	history	goose	essential	aloud	other	get	spend	middle
tobacco	beauty	visitor	accept	joined	time	solution	hidden	summer	lower	material	sort	cell	grabbed	possibly	typical	rice	describe	sheep	education	nose	result	himself	degree	curve	adult	toy	thousand	bean	certainly	zoo	mistake	good	shade	fellow	flow	notice	sugar	gradually	area	orange	combine	dangerous	certainly	peace	barn	balance	nearer	outer	nature	flies	act	blood	fox	what	concerned	clock	so	no	effort	realize	business	enemy	sister	past	having	rain	physical	bark	everywhere	helpful	window	dozen	damage	gift	daily	far	palace	busy	stared	amount	bean	position	perfect	plane	some	airplane	like	sky	due	found	toward	its	only	worth	born	tightly	sit	manufacturing	cow
primitive	build	leg	raise	lamp	least	tune	thousand	bell	vapor	written	birds	lie	total	offer	plates	beyond	gas	farm	seven	decide	distance	tone	planet	indicate	copy	birds	brave	accident	parallel	pupil	felt	fish	allow	pool	additional	park	count	beginning	grain	pictured	town	dance	gentle	family	length	stock	pull	ate	proper	pony	we	realize	goes	grow	prove	browserling	metal	growth	noun	middle	naturally	nine	earlier	or	milk	way	entire	congress	pole	here	quiet	island	fewer	quietly	national	has	cat	noun	sitting	blow	became	enough	balloon	plan	at	hardly	wore	night	business	gather	darkness	rice	serious	came	ice	take	house	maybe	nuts
someone	sweet	answer	certain	want	spin	series	roar	product	physical	buffalo	return	silver	written	cover	tie	score	film	turn	instance	above	basket	sight	shine	connected	nuts	buried	plus	jump	twelve	series	get	charge	took	safety	direct	explain	fruit	all	nearest	quiet	skin	writer	clearly	cattle	clearly	thousand	onto	garage	sudden	driver	ground	thought	speak	fewer	movie	printed	nest	shirt	found	primitive	walk	express	tone	join	wall	spell	went	belong	century	complex	thee	belong	jet	baseball	base	purple	tonight	per	continent	salmon	scene	did	clear	student	wheel	magnet	army	plus	could	my	fighting	copper	love	nose	on	stage	composition	space	mail
play	guard	pattern	feathers	said	needs	pink	watch	castle	nearly	its	student	fog	land	mind	research	opposite	kill	farmer	vote	become	sense	writer	ball	fear	lesson	can	tightly	crew	elephant	crack	element	chapter	these	rough	trace	slightly	phrase	see	upon	pot	basis	examine	brother	depth	history	cheese	pass	maybe	dirt	horse	fire	they	supper	camp	truth	single	slipped	grandfather	movie	safety	anywhere	elephant	earth	power	lion	men	goes	applied	sum	been	mice	principal	stronger	explore	facing	corner	mixture	television	task	science	think	ice	buried	money	leather	ran	worried	pole	introduced	balance	growth	motor	declared	meet	face	gentle	listen	seldom	advice
luck	only	acres	loud	swung	morning	pain	value	flat	fix	mile	division	hundred	include	space	put	theory	doubt	dance	zero	ocean	measure	pool	thing	birth	goes	salt	level	path	burn	deeply	matter	steady	frame	somehow	someone	chose	break	bus	purple	failed	struck	connected	suggest	moving	crew	spell	market	observe	fine	three	through	bone	including	mine	word	dance	birth	directly	examine	smell	wherever	enter	bridge	luck	truth	sure	liquid	factor	unless	nearer	escape	saw	wise	motion	took	with	done	fish	business	highest	additional	noon	compound	add	plenty	suppose	pupil	replace	raw	took	passage	eat	as	column	swung	ruler	farther	gently	establish
might	browserling	arrow	cattle	fog	is	language	nose	back	caught	leave	town	whispered	image	gold	evening	stuck	tall	rocket	met	fifth	announced	amount	burn	chest	ten	stiff	doll	know	molecular	feathers	everyone	saddle	curious	desert	short	folks	wolf	universe	door	thumb	slowly	mail	dinner	headed	man	test	difference	donkey	rate	courage	region	frame	correctly	activity	clock	note	toward	prize	birth	property	swimming	involved	chose	willing	paragraph	every	there	food	mass	something	actual	shadow	inch	larger	whale	worried	arm	event	meat	breath	around	everything	writer	general	other	president	blanket	railroad	furniture	memory	remove	actual	this	modern	possibly	properly	failed	fierce	essential
sink	layers	went	president	below	sleep	particles	dried	seven	jar	excellent	topic	first	red	movement	taken	pool	transportation	instant	policeman	division	design	steady	older	surrounded	higher	wave	bad	jack	best	table	grandfather	grade	hair	complete	remember	expect	frog	bound	could	iron	understanding	attached	straw	vast	solar	usual	unit	giant	simplest	recall	both	girl	new	differ	trace	silly	record	refer	enjoy	look	case	apple	beat	fireplace	completely	according	particular	careful	adult	machine	minerals	describe	stream	town	basket	disease	all	easy	won	dog	graph	musical	probably	planet	wrong	height	power	lovely	worried	could	treated	stems	greater	bag	earn	bowl	vowel	branch	joined
foot	show	signal	floating	article	load	religious	room	closely	map	traffic	tax	temperature	captured	determine	rocket	sink	screen	track	now	themselves	yard	mad	stomach	construction	power	area	when	either	hello	musical	directly	appearance	church	include	purpose	pour	telephone	chest	bottle	spin	phrase	buried	follow	scientific	food	thy	measure	plenty	bright	record	weight	bee	natural	word	stared	start	simply	speech	step	adventure	spin	able	mainly	community	private	farmer	dream	phrase	learn	evidence	garage	stuck	deeply	putting	as	page	so	outside	race	bite	run	brave	been	material	purpose	kids	noun	do	waste	met	center	skin	cause	bite	piano	usually	remain	native	policeman
themselves	muscle	given	thee	structure	themselves	famous	easily	muscle	activity	bat	remember	half	shorter	pipe	careful	mission	silk	topic	rhyme	memory	practical	movement	someone	wagon	along	story	everywhere	trunk	game	island	shallow	phrase	blank	moon	wait	anywhere	create	count	airplane	fix	send	lion	east	paper	nervous	crowd	author	damage	upper	hard	plain	tank	service	death	label	hold	indeed	recall	breakfast	whose	feathers	football	completely	pine	am	too	foot	laid	particularly	repeat	memory	tone	heard	city	sets	title	follow	beyond	play	whatever	hit	vote	bet	increase	have	flame	tree	forth	discover	changing	exclaimed	steady	height	rich	joined	thank	trouble	mice	seed
bridge	result	grown	improve	thrown	nodded	spider	anyone	middle	felt	paper	pot	blank	fix	milk	silk	anybody	map	mouth	replied	fall	course	examine	face	making	plenty	zero	tail	anybody	greatly	tax	myself	about	lion	gulf	palace	useful	crop	instead	hit	just	sleep	steady	program	red	temperature	record	blow	kind	hide	dollar	canal	people	pair	replace	fur	physical	effort	apart	border	day	molecular	swam	asleep	high	any	influence	future	officer	pack	some	is	me	safe	factory	example	river	ought	come	forward	bus	moon	activity	parts	practice	stepped	deer	film	scared	avoid	onto	burst	mass	city	level	buffalo	structure	stood	constantly	atom
spread	promised	express	look	declared	introduced	fog	monkey	anyone	everything	service	lying	track	nice	river	smallest	title	answer	ten	widely	been	effect	finger	belong	won	turn	positive	science	try	construction	acres	printed	sets	sat	salt	couple	machinery	road	do	were	special	does	amount	troops	social	friendly	today	jack	cap	problem	knowledge	simple	hidden	stepped	size	victory	cowboy	opinion	belt	which	none	bowl	station	tales	remarkable	example	arrive	child	happened	prize	court	weak	path	quick	grandfather	pan	duty	main	whose	percent	never	process	continued	circus	law	cotton	apartment	physical	twenty	cow	duck	pitch	repeat	grew	jet	in	zoo	port	twelve	cave
whenever	hit	fighting	physical	trunk	four	went	arrange	hide	explore	window	club	present	monkey	each	wrote	managed	laugh	weather	minute	lost	white	wire	dark	safe	stuck	tobacco	skin	hat	begun	bad	worth	brush	darkness	task	refused	air	gulf	include	large	gulf	cloud	everybody	parent	teeth	biggest	volume	from	met	are	break	heavy	south	stick	giant	voice	wet	due	gone	name	perfectly	metal	fight	move	feet	per	low	establish	shaking	during	should	colony	fed	year	came	health	journey	toward	down	pretty	most	thing	dust	potatoes	tip	cake	sitting	police	chest	teach	instant	necessary	badly	court	finger	trap	pond	hold	brain	pink
without	mad	composition	quietly	price	mile	blank	police	sight	oil	shorter	everything	pick	fewer	human	rabbit	interior	impossible	it	wrapped	skin	visitor	exciting	lower	moving	coat	social	school	naturally	tin	mainly	difficulty	throat	yard	free	another	sharp	tomorrow	diameter	best	stick	fruit	crack	sail	catch	heat	find	teeth	had	writer	silk	future	jar	eat	film	involved	facing	short	fighting	last	ear	under	occasionally	separate	lips	cotton	gave	report	second	cave	fog	exactly	fireplace	mouse	transportation	somebody	would	lamp	fruit	rocky	rock	proud	mad	nuts	ran	news	should	impossible	remarkable	age	element	feet	personal	useful	prove	supply	troops	gently	act	manner
date	against	flew	alive	mountain	personal	friend	pig	soldier	necessary	lost	write	gate	wheel	truth	bread	deal	dot	your	example	helpful	sheet	highway	unit	exact	attention	wolf	floor	nails	fast	storm	specific	am	diameter	adult	pair	base	can	cross	let	these	around	identity	writer	wealth	fully	location	whenever	ability	moon	available	seeing	help	sport	wing	tiny	over	possible	terrible	him	outside	direction	gulf	best	shoulder	house	rapidly	rose	pole	gain	burst	rear	design	world	method	public	none	already	made	trace	unhappy	happy	scientific	feel	yard	front	full	saw	sheet	eventually	express	beside	behind	bright	officer	worried	primitive	level	dust	dinner
importance	discover	vertical	slipped	scared	shelter	fish	flat	rhythm	vote	shape	position	got	way	baseball	did	headed	send	fish	thus	grown	pull	desk	attempt	pilot	when	dry	negative	tide	feature	baby	drove	warm	empty	fuel	plant	opposite	shallow	half	development	wait	there	prepare	victory	manufacturing	any	plate	member	airplane	there	difference	may	better	molecular	continent	forth	seven	noted	sort	accurate	play	cool	recent	previous	closer	place	dull	hurried	needs	once	sand	judge	running	current	star	wheat	cool	rocky	nobody	affect	writing	shelter	report	choice	neighbor	lack	mill	tomorrow	dull	outer	needle	log	apple	both	guard	keep	character	power	shown	catch
printed	written	parent	hand	suit	highway	point	swam	suddenly	itself	victory	slip	blood	speak	term	wave	imagine	bottle	labor	among	according	complete	tip	general	differ	power	brick	garden	chain	type	rose	right	note	surprise	half	afternoon	height	toy	clay	organization	composed	till	heading	tightly	group	death	everyone	heavy	dozen	happened	slight	reach	sometime	become	hope	make	find	major	particular	living	life	won	silence	anywhere	rush	gone	stood	difficulty	load	that	below	fine	discover	page	bean	putting	something	this	swung	writing	worker	fewer	show	take	if	progress	wing	instance	gravity	smaller	foreign	son	live	load	bank	dear	too	watch	state	spread
moving	how	lake	universe	thing	angry	noise	door	disease	camp	sent	wheel	rocket	had	shelter	silence	excited	rush	faster	practical	today	browserling	stared	whose	question	off	surface	worker	today	sad	settle	either	laugh	lost	eleven	hall	solar	maybe	principal	gift	wrote	strong	information	sort	rain	elephant	cannot	still	small	office	check	model	per	yet	led	hard	rocket	thick	though	loose	think	movie	been	slip	consider	pitch	escape	won	everything	pencil	goose	news	instead	instance	die	constantly	look	bag	range	foot	apartment	tall	crowd	wheat	pilot	evidence	climb	castle	within	wrapped	angle	exciting	short	saddle	rope	sheep	naturally	powder	chapter	fed
base	excellent	bottom	signal	ate	arrow	noise	visit	clothing	military	pay	comfortable	onlinetools	beauty	rubbed	shine	disappear	itself	ice	congress	eight	slept	laid	first	driving	father	small	happen	browserling	find	accept	summer	cattle	motion	hang	current	heat	early	language	father	ranch	fifteen	life	taught	somewhere	visitor	crew	customs	appropriate	diameter	consist	column	reach	sing	saw	wagon	none	produce	beneath	date	likely	grow	union	nor	offer	willing	smell	outer	dropped	known	map	bar	monkey	largest	good	full	entirely	graph	becoming	captured	negative	gain	generally	sets	rhythm	musical	certain	ahead	short	edge	party	receive	partly	top	provide	you	magic	go	gravity	wrapped
connected	organized	vegetable	combination	familiar	blew	solve	life	variety	try	tropical	six	least	easy	pictured	force	while	wheat	load	body	noted	shade	case	sat	market	fully	zero	which	day	interior	bridge	thou	wise	fine	breakfast	brown	unit	truck	over	year	closer	about	fewer	which	canal	horn	understanding	particles	weigh	fastened	biggest	depth	duck	agree	out	story	organized	cap	had	sense	musical	cold	break	ate	thy	gift	famous	bare	speed	perhaps	news	influence	saddle	iron	score	folks	entirely	first	religious	four	particles	divide	act	feathers	facing	history	direct	dress	steep	interest	dirty	by	ten	swim	several	production	becoming	club	hole	tonight
salmon	driving	sky	joy	position	depth	bicycle	except	highest	root	farmer	mental	valley	lamp	silent	friend	directly	sudden	salmon	leaf	anybody	elephant	sink	ants	difference	usual	instance	separate	sit	path	shinning	away	done	machine	needle	business	certainly	together	too	put	film	carry	toy	neighborhood	company	show	correct	hand	public	necessary	chart	dress	finish	crack	easily	straight	small	rule	doing	few	tie	owner	swing	sure	image	given	pitch	gravity	figure	pupil	object	skin	exciting	continent	slept	mud	jump	trade	friend	rise	largest	affect	huge	clay	wish	living	further	harbor	national	fat	bar	map	dot	popular	kind	slip	date	run	breath	time
brush	last	missing	corn	lips	shelter	save	shinning	sister	arm	trip	leave	clear	sitting	people	sport	simple	bite	closely	busy	tape	diagram	hurt	shoot	seat	part	nest	edge	pipe	brother	year	either	solid	theory	newspaper	border	count	beautiful	come	have	took	solar	experiment	waste	tone	desk	aware	loose	vote	nature	be	furniture	wherever	cake	jack	mind	cream	nearer	seeing	correct	send	major	meat	than	needle	declared	edge	neighborhood	different	secret	we	hunter	cabin	touch	thick	wood	pretty	apartment	divide	roll	brother	goose	steam	become	enemy	bent	fill	once	income	sent	lot	spider	pupil	ate	warm	worth	me	bite	union	eleven
average	result	musical	advice	adjective	garage	air	having	national	clean	wooden	children	involved	cook	jet	power	mouse	locate	putting	twenty	slight	battle	door	object	you	base	ten	shelter	long	unusual	fuel	pass	football	basket	send	browserling	came	country	has	coat	aloud	struggle	spider	distant	firm	winter	count	without	further	dear	saddle	fallen	saved	queen	dozen	discover	grade	guard	look	amount	cost	union	therefore	melted	money	birds	model	daughter	likely	best	possible	entirely	balance	poem	touch	excitement	produce	rest	youth	trip	joy	chemical	outside	means	supply	eye	think	column	direct	matter	my	cost	wire	lot	movement	mad	piece	shells	introduced	yellow
sides	report	gentle	herself	pretty	remember	short	earth	of	you	whom	who	race	label	stomach	wagon	leather	we	practical	smell	due	due	mind	foot	bark	unhappy	twelve	rising	wild	coffee	widely	southern	as	combination	national	forth	affect	laugh	city	herself	salt	price	not	meal	allow	surrounded	price	minerals	rather	fully	cabin	unless	time	born	person	silly	day	difficult	morning	four	triangle	desk	between	article	possible	former	nearest	lamp	sister	nose	disease	plane	corn	leg	gas	second	blue	whom	swing	condition	but	rod	special	danger	musical	powerful	winter	other	desk	end	paragraph	claws	slipped	fort	fully	suppose	orange	himself	chose	broad
bill	square	slow	forgot	attention	roof	luck	page	noon	advice	ability	jack	leg	correctly	mission	suit	exact	voyage	ocean	greatly	any	name	between	soon	favorite	loss	center	parallel	proud	everything	power	fun	pride	back	nearest	understanding	author	faster	telephone	individual	old	major	southern	mainly	oldest	actually	who	salmon	take	fastened	huge	shirt	stand	feathers	series	mainly	love	fight	leaving	already	according	draw	excellent	die	sing	does	touch	guard	alike	did	lion	habit	have	together	exact	hole	collect	root	before	other	independent	apart	combine	period	grass	beneath	its	writer	strength	truck	send	ball	local	taken	product	tower	job	caught	gasoline	choice
book	arrive	tower	duck	been	atomic	escape	ground	among	tone	liquid	uncle	coat	guide	series	purple	pretty	composition	related	duty	temperature	balance	mother	positive	anyway	north	gulf	onlinetools	beautiful	weight	by	park	tropical	locate	nose	teach	depth	discussion	baseball	earn	metal	supper	bound	easy	appropriate	fear	wonderful	expect	band	tears	difficult	snow	minerals	select	somebody	close	suppose	finally	camera	hour	during	immediately	tall	date	creature	cake	bat	find	nature	friend	education	dirt	printed	shelf	queen	through	bridge	breathe	major	east	frequently	trick	parts	visit	determine	warm	dug	window	ancient	distance	entire	equally	flower	temperature	thee	solar	fought	space	away	friend
cowboy	fix	snake	select	beside	silver	greatly	ever	railroad	several	scale	inside	moon	satellites	curious	plan	mine	none	angry	arrange	needed	can	function	author	especially	weak	railroad	grade	stuck	golden	went	foot	still	start	poor	greatly	lost	unit	opportunity	dog	service	crop	mix	grown	thing	breath	burn	elephant	trail	thy	huge	met	plus	knowledge	onlinetools	available	account	poem	negative	yet	upper	accept	smooth	tobacco	fur	factory	sure	men	threw	something	stick	duty	musical	film	now	experience	simply	planet	percent	rain	arrow	plastic	night	price	eight	title	easy	freedom	toy	additional	guard	pilot	appearance	room	stared	moon	path	how	inch	anywhere